timeStamp,elapsed,label,responseCode,responseMessage,threadName,dataType,success,failureMessage,bytes,grpThreads,allThreads,Latency,IdleTime
1473926370589,162,Зачистка базы,200,OK,setUp Thread Group 1-1,text,true,,9,1,1,153,0
1473926370751,2,Контроль что база пустая,200,OK,setUp Thread Group 1-1,text,true,,8,1,1,0,0
1473926370837,136,Send 01-02-09,200,OK,01ДО - 02 контроль 2-1,text,true,,183,1,5,136,0
1473926370838,137,Send 01-04-06,200,OK,01ДО - 04 контроль 05 формирование 3-1,text,true,,183,1,5,137,0
1473926370840,135,Send 01-07-08(07),200,OK,01ДО - 07 контроль 08 формирование 4-1,text,true,,183,1,5,134,0
1473926370835,147,Send 01-01-01,200,OK,01ДО - 01 посылка 10 формирование  1-1,text,true,,183,1,5,146,0
1473926370841,313,Send 01-11-09,200,OK,"01ДО - 11,06,09 контроль  5-1",text,true,,183,1,5,313,0
1473926371155,14,Send 01-06-09,200,OK,"01ДО - 11,06,09 контроль  5-1",text,true,,183,1,5,14,0
1473926371169,10,Send 01-09-09,200,OK,"01ДО - 11,06,09 контроль  5-1",text,true,,183,1,5,10,0
1473926430977,43,CheckNewContaner_01-07-08,200,OK,01ДО - 07 контроль 08 формирование 4-1,text,true,,557,1,5,42,0
1473926430975,56,CheckNewContaner_01-02-09,200,OK,01ДО - 02 контроль 2-1,text,true,,557,1,5,56,0
1473926430977,58,CheckNewContaner_01-04-06,200,OK,01ДО - 04 контроль 05 формирование 3-1,text,true,,557,1,5,56,0
1473926430984,52,CheckNewContaner_01-10-04,200,OK,01ДО - 01 посылка 10 формирование  1-1,text,true,,557,1,5,50,0
1473926431025,65,RecivingContaner-01-07-08,(null),unknown/unknown,01ДО - 07 контроль 08 формирование 4-1,text,false,,19,1,5,65,0
1473926431037,53,RecivingContaner-01-10-04,(null),unknown/unknown,01ДО - 01 посылка 10 формирование  1-1,text,false,,19,1,5,53,0
1473926431036,53,RecivingContaner-01-04-06,(null),unknown/unknown,01ДО - 04 контроль 05 формирование 3-1,text,false,,19,1,5,53,0
1473926431031,58,RecivingContaner-01-02-09,200,OK,01ДО - 02 контроль 2-1,text,true,,7943,1,5,58,0
1473926431180,6,JDBC CheckNewContaner_01-08-09,200,OK,"01ДО - 11,06,09 контроль  5-1",text,true,,518,1,1,0,0
1473938893390,103,Send 01-01-01,200,OK,01ДО - 01 посылка 10 формирование  1-1,text,true,,183,1,1,102,0
1473938953494,103,CheckNewContaner_01-10-04,200,OK,01ДО - 01 посылка 10 формирование  1-1,text,true,,557,1,1,103,0
1473938953600,18,RecivingContaner-01-10-04,(null),unknown/unknown,01ДО - 01 посылка 10 формирование  1-1,text,false,,19,1,1,18,0
1473939371428,28,CheckNewContaner_01-10-04,200,OK,01ДО - 01 посылка 10 формирование  1-1,text,true,,557,1,1,28,0
1473939371458,0,Debug Sampler,200,OK,01ДО - 01 посылка 10 формирование  1-1,text,true,,1434,1,1,0,0
1473939601543,77,CheckNewContaner_01-10-04,200,OK,01ДО - 01 посылка 10 формирование  1-1,text,true,,557,1,1,77,0
1473939601621,0,Debug Sampler,200,OK,01ДО - 01 посылка 10 формирование  1-1,text,true,,1152,1,1,0,0
1473939707895,93,CheckNewContaner_01-10-04,200,OK,01ДО - 01 посылка 10 формирование  1-1,text,true,,557,1,1,92,0
1473939707989,1,Debug Sampler,200,OK,01ДО - 01 посылка 10 формирование  1-1,text,true,,1151,1,1,0,0
1473942826557,221,Зачистка базы,200,OK,setUp Thread Group 1-1,text,true,,9,1,1,129,0
1473942826779,4,Контроль что база пустая,200,OK,setUp Thread Group 1-1,text,true,,8,1,1,0,0
1473942826879,84,Send 01-04-06,200,OK,01ДО - 04 контроль 05 формирование 3-1,text,true,,183,1,5,83,0
1473942826879,85,Send 01-07-08(07),200,OK,01ДО - 07 контроль 08 формирование 4-1,text,true,,183,1,5,85,0
1473942826880,85,Send 01-11-09,200,OK,"01ДО - 11,06,09 контроль  5-1",text,true,,183,1,5,84,0
1473942826878,88,Send 01-02-09,200,OK,01ДО - 02 контроль 2-1,text,true,,183,1,5,88,0
1473942826877,90,Send 01-01-01,200,OK,01ДО - 01 посылка 10 формирование  1-1,text,true,,183,1,5,90,0
1473942826966,12,Send 01-06-09,200,OK,"01ДО - 11,06,09 контроль  5-1",text,true,,183,1,5,12,0
1473942826979,12,Send 01-09-09,200,OK,"01ДО - 11,06,09 контроль  5-1",text,true,,183,1,5,10,0
1473942886993,7,JDBC CheckNewContaner_01-08-09,200,OK,"01ДО - 11,06,09 контроль  5-1",text,true,,518,1,5,0,0
1473942886967,37,CheckNewContaner_01-07-08,200,OK,01ДО - 07 контроль 08 формирование 4-1,text,true,,557,1,4,36,0
1473942886969,40,CheckNewContaner_01-10-04,200,OK,01ДО - 01 посылка 10 формирование  1-1,text,true,,557,1,4,39,0
1473942886966,45,CheckNewContaner_01-04-06,200,OK,01ДО - 04 контроль 05 формирование 3-1,text,true,,557,1,4,45,0
1473942887010,7,RecivingContaner-01-10-04,200,OK,01ДО - 01 посылка 10 формирование  1-1,text,true,,184,1,4,6,0
1473942886968,51,CheckNewContaner_01-02-09,200,OK,01ДО - 02 контроль 2-1,text,true,,557,1,4,50,0
1473942887020,1,Debug Sampler,200,OK,01ДО - 01 посылка 10 формирование  1-1,text,true,,771,1,4,0,0
1473942887006,20,RecivingContaner-01-07-08,200,OK,01ДО - 07 контроль 08 формирование 4-1,text,true,,6821,1,3,19,0
1473942887026,7,JDBC CheckNewContaner_01-08-09,200,OK,01ДО - 07 контроль 08 формирование 4-1,text,true,,124,1,3,1,0
1473942887012,22,RecivingContaner-01-04-06,200,OK,01ДО - 04 контроль 05 формирование 3-1,text,true,,10615,1,3,20,0
1473942887036,4,JDBC CheckNewContaner_01-05-09,200,OK,01ДО - 04 контроль 05 формирование 3-1,text,true,,124,1,3,0,0
1473942887020,38,RecivingContaner-01-02-09,200,OK,01ДО - 02 контроль 2-1,text,true,,7943,1,3,38,0
1473942887041,18,RecivingContaner-01-05-09,500,INTERNAL SERVER ERROR,01ДО - 04 контроль 05 формирование 3-1,text,false,,198,1,2,18,0
1473942887034,28,RecivingContaner-01-08-09,500,INTERNAL SERVER ERROR,01ДО - 07 контроль 08 формирование 4-1,text,false,,198,1,1,28,0
1473943732867,204,Зачистка базы,200,OK,setUp Thread Group 1-1,text,true,,9,1,1,196,0
1473943733072,2,Контроль что база пустая,200,OK,setUp Thread Group 1-1,text,true,,8,1,1,0,0
1473943733160,91,Send 01-02-09,200,OK,01ДО - 02 контроль 2-1,text,true,,183,1,5,90,0
1473943733163,90,Send 01-11-09,200,OK,"01ДО - 11,06,09 контроль  5-1",text,true,,183,1,5,90,0
1473943733162,91,Send 01-07-08(07),200,OK,01ДО - 07 контроль 08 формирование 4-1,text,true,,183,1,5,91,0
1473943733159,95,Send 01-01-01,200,OK,01ДО - 01 посылка 10 формирование  1-1,text,true,,183,1,5,95,0
1473943733161,98,Send 01-04-06,200,OK,01ДО - 04 контроль 05 формирование 3-1,text,true,,183,1,5,98,0
1473943733256,10,Send 01-06-09,200,OK,"01ДО - 11,06,09 контроль  5-1",text,true,,183,1,5,9,0
1473943733266,8,Send 01-09-09,200,OK,"01ДО - 11,06,09 контроль  5-1",text,true,,183,1,5,8,0
1473943793275,5,JDBC CheckNewContaner_01-08-09,200,OK,"01ДО - 11,06,09 контроль  5-1",text,true,,518,1,5,0,0
1473943793254,28,CheckNewContaner_01-02-09,200,OK,01ДО - 02 контроль 2-1,text,true,,557,1,4,28,0
1473943793256,28,CheckNewContaner_01-10-04,200,OK,01ДО - 01 посылка 10 формирование  1-1,text,true,,557,1,4,28,0
1473943793255,30,CheckNewContaner_01-07-08,200,OK,01ДО - 07 контроль 08 формирование 4-1,text,true,,557,1,4,30,0
1473943793260,30,CheckNewContaner_01-04-06,200,OK,01ДО - 04 контроль 05 формирование 3-1,text,true,,557,1,4,30,0
1473943793283,22,RecivingContaner-01-02-09,200,OK,01ДО - 02 контроль 2-1,text,true,,7943,1,4,21,0
1473943793285,26,RecivingContaner-01-10-04,200,OK,01ДО - 01 посылка 10 формирование  1-1,text,true,,9277,1,3,25,0
1473943793311,0,Debug Sampler,200,OK,01ДО - 01 посылка 10 формирование  1-1,text,true,,864,1,3,0,0
1473943793290,21,RecivingContaner-01-04-06,200,OK,01ДО - 04 контроль 05 формирование 3-1,text,true,,10615,1,3,21,0
1473943793289,27,RecivingContaner-01-07-08,200,OK,01ДО - 07 контроль 08 формирование 4-1,text,true,,6821,1,2,26,0
1473943793312,4,JDBC CheckNewContaner_01-05-09,200,OK,01ДО - 04 контроль 05 формирование 3-1,text,true,,124,1,2,0,0
1473943793316,2,JDBC CheckNewContaner_01-08-09,200,OK,01ДО - 07 контроль 08 формирование 4-1,text,true,,124,1,1,0,0
1473943899732,168,Зачистка базы,200,OK,setUp Thread Group 1-1,text,true,,9,1,1,157,0
1473943899900,5,Контроль что база пустая,200,OK,setUp Thread Group 1-1,text,true,,8,1,1,0,0
1473943899979,33,Send 01-07-08(07),200,OK,01ДО - 07 контроль 08 формирование 4-1,text,true,,183,1,5,32,0
1473943899979,49,Send 01-04-06,200,OK,01ДО - 04 контроль 05 формирование 3-1,text,true,,183,1,5,49,0
1473943899978,50,Send 01-02-09,200,OK,01ДО - 02 контроль 2-1,text,true,,183,1,5,49,0
1473943899980,49,Send 01-11-09,200,OK,"01ДО - 11,06,09 контроль  5-1",text,true,,183,1,5,48,0
1473943899977,67,Send 01-01-01,200,OK,01ДО - 01 посылка 10 формирование  1-1,text,true,,183,1,5,67,0
1473943900029,34,Send 01-06-09,200,OK,"01ДО - 11,06,09 контроль  5-1",text,true,,183,1,5,34,0
1473943900063,45,Send 01-09-09,200,OK,"01ДО - 11,06,09 контроль  5-1",text,true,,183,1,5,45,0
1473943960013,34,CheckNewContaner_01-07-08,200,OK,01ДО - 07 контроль 08 формирование 4-1,text,true,,557,1,5,34,0
1473943960029,36,CheckNewContaner_01-04-06,200,OK,01ДО - 04 контроль 05 формирование 3-1,text,true,,557,1,5,36,0
1473943960029,43,CheckNewContaner_01-02-09,200,OK,01ДО - 02 контроль 2-1,text,true,,557,1,5,43,0
1473943960047,32,RecivingContaner-01-07-08,200,OK,01ДО - 07 контроль 08 формирование 4-1,text,true,,6821,1,5,29,0
1473943960044,40,CheckNewContaner_01-10-04,200,OK,01ДО - 01 посылка 10 формирование  1-1,text,true,,557,1,5,40,0
1473943960082,14,JDBC CheckNewContaner_01-08-09,200,OK,01ДО - 07 контроль 08 формирование 4-1,text,true,,124,1,5,1,0
1473943960108,14,JDBC CheckNewContaner_01-08-09,200,OK,"01ДО - 11,06,09 контроль  5-1",text,true,,518,1,4,0,0
1473943960065,30,RecivingContaner-01-04-06,200,OK,01ДО - 04 контроль 05 формирование 3-1,text,true,,10615,1,5,27,0
1473943960072,29,RecivingContaner-01-02-09,200,OK,01ДО - 02 контроль 2-1,text,true,,7943,1,4,27,0
1473943960085,32,RecivingContaner-01-10-04,200,OK,01ДО - 01 посылка 10 формирование  1-1,text,true,,9276,1,4,30,0
1473943960133,0,Debug Sampler,200,OK,01ДО - 01 посылка 10 формирование  1-1,text,true,,865,1,2,0,0
1473943960130,5,JDBC CheckNewContaner_01-05-09,200,OK,01ДО - 04 контроль 05 формирование 3-1,text,true,,124,1,1,0,0
1473944555481,118,RecivingContaner-01-02-09,500,INTERNAL SERVER ERROR,01ДО - 02 контроль 1-1,text,false,,198,1,1,118,0
1473944578771,23,RecivingContaner-01-02-09,500,INTERNAL SERVER ERROR,01ДО - 02 контроль 1-1,text,false,,198,1,1,23,0
1473944578797,0,Debug Sampler,200,OK,01ДО - 02 контроль 1-1,text,true,,534,1,1,0,0
1473944629719,10,RecivingContaner-01-02-09,200,OK,01ДО - 02 контроль 1-1,text,false,Test failed: text expected not to contain /False/,184,1,1,10,0
1473944629730,0,Debug Sampler,200,OK,01ДО - 02 контроль 1-1,text,true,,534,1,1,0,0
1473944673685,29,RecivingContaner-01-02-09,500,INTERNAL SERVER ERROR,01ДО - 02 контроль 1-1,text,false,,198,1,1,29,0
1473944673715,0,Debug Sampler,200,OK,01ДО - 02 контроль 1-1,text,true,,534,1,1,0,0
1473950373538,127,Send 10-01-01,200,OK,10ДО - 01 контроль 02 формирование 1-1,text,true,,183,1,1,126,0
1473950433666,35,CheckNewContaner_10-01-01,200,OK,10ДО - 01 контроль 02 формирование 1-1,text,true,,652,1,1,35,0
1473950433705,36,RecivingContaner-10-01-01,200,OK,10ДО - 01 контроль 02 формирование 1-1,text,true,,73327,1,1,26,0
1473950433765,143,JDBC CheckNewContaner_10-02-04,200,OK,10ДО - 01 контроль 02 формирование 1-1,text,true,,124,1,1,138,0
1473950476794,38,Send 10-05-06,200,OK,10ДО - 05 контроль 2-1,text,true,,183,1,2,37,0
1473950476793,69,Send 10-04-07,200,OK,10ДО - 04 контроль 1-1,text,true,,183,1,2,69,0
1473950536832,129,JDBC CheckNewContaner_10-05-06,200,OK,10ДО - 05 контроль 2-1,text,true,,196,1,2,124,0
1473950536862,101,JDBC CheckNewContaner_10-04-07,200,OK,10ДО - 04 контроль 1-1,text,true,,196,1,2,94,0
1473950536965,0,Debug Sampler,200,OK,10ДО - 04 контроль 1-1,text,true,,1012,1,2,0,0
1473950536965,0,Debug Sampler,200,OK,10ДО - 05 контроль 2-1,text,true,,1012,1,2,0,0
1473950612656,60,Send 10-06-07,200,OK,10ДО - 06 контроль 1-1,text,true,,183,1,1,60,0
1473950672717,27,CheckNewContaner_10-06-07,200,OK,10ДО - 06 контроль 1-1,text,true,,747,1,1,27,0
1473950672745,19,RecivingContaner-10-06-07,200,OK,10ДО - 06 контроль 1-1,text,true,,7582,1,1,19,0
1473950672766,1,Debug Sampler,200,OK,10ДО - 06 контроль 1-1,text,true,,867,1,1,0,0
1473950736655,17,Send 10-06-07,200,OK,10ДО - 06 контроль 1-1,text,true,,183,1,1,16,0
1473950796673,33,CheckNewContaner_10-06-07,200,OK,10ДО - 06 контроль 1-1,text,true,,747,1,1,31,0
1473950796707,24,RecivingContaner-10-06-07,200,OK,10ДО - 06 контроль 1-1,text,true,,7582,1,1,24,0
1473950796736,0,Debug Sampler,200,OK,10ДО - 06 контроль 1-1,text,true,,867,1,1,0,0
1473951283708,84,Send 12-01-01,Non HTTP response code: java.io.FileNotFoundException,Non HTTP response message: D:\work\GPR\01\FNS_1AE1A9F4681-A13E-44CF-A005-6A1A076AB004_7715_7e1ecc4a5d094e5fa1ecf0456127de77_12_01_01.zip (Не удается найти указанный файл),12ДО - 01 посылка  1-1,text,false,Test failed: text expected to contain /True/,1315,1,1,0,0
1473951314485,56,Send 12-01-01,200,OK,12ДО - 01 посылка  1-1,text,true,,183,1,1,55,0
1473951374542,0,Debug Sampler,200,OK,12ДО - 01 посылка  1-1,text,true,,532,1,1,0,0
1473953316054,124,Зачистка базы,200,OK,setUp Thread Group 1-1,text,true,,9,1,1,112,0
1473953316178,2,Контроль что база пустая,200,OK,setUp Thread Group 1-1,text,true,,8,1,1,0,0
1473953316268,94,Send 10-06-07,200,OK,10ДО - 06 контроль 9-1,text,true,,183,1,13,94,0
1473953316267,95,Send 10-04-07,200,OK,10ДО - 04 контроль 7-1,text,true,,183,1,13,95,0
1473953316269,94,Send 12-01-01,200,OK,12ДО - 01 посылка 07 формирование 10-1,text,true,,183,1,13,94,0
1473953316266,100,Send 10-01-01,200,OK,10ДО - 01 контроль 02 формирование 6-1,text,true,,183,1,13,100,0
1473953316263,107,Send 01-02-09,200,OK,01ДО - 02 контроль 2-1,text,true,,183,1,13,107,0
1473953316264,111,Send 01-04-06,200,OK,01ДО - 04 контроль 05 формирование 3-1,text,true,,183,1,13,111,0
1473953316266,110,Send 01-11-09,200,OK,"01ДО - 11,06,09 контроль  5-1",text,true,,183,1,13,109,0
1473953316263,118,Send 01-01-01,200,OK,01ДО - 01 посылка 10 формирование  1-1,text,true,,183,1,13,118,0
1473953316269,112,Send 12-02-08,200,OK,12ДО - 02 контроль 11-1,text,true,,183,1,13,112,0
1473953316270,121,Send 12-04-06,200,OK,12ДО - 04 контроль 05 формирование 12-1,text,true,,183,1,13,121,0
1473953316265,127,Send 01-07-08(07),200,OK,01ДО - 07 контроль 08 формирование 4-1,text,true,,183,1,13,127,0
1473953316268,136,Send 10-05-06,200,OK,10ДО - 05 контроль 8-1,text,true,,183,1,13,135,0
1473953316376,32,Send 01-06-09,200,OK,"01ДО - 11,06,09 контроль  5-1",text,true,,183,1,13,32,0
1473953316270,139,Send 12-06-08,200,OK,"12ДО - 08,06 контроль  13-1",text,true,,183,1,13,139,0
1473953316408,9,Send 01-09-09,200,OK,"01ДО - 11,06,09 контроль  5-1",text,true,,183,1,13,9,0
1473953316409,24,Send 12-08-08,200,OK,"12ДО - 08,06 контроль  13-1",text,true,,183,1,13,24,0
1473953376363,5,JDBC CheckNewContaner_10-04-07,200,OK,10ДО - 04 контроль 7-1,text,true,,196,1,13,0,0
1473953376376,0,Debug Sampler,200,OK,10ДО - 04 контроль 7-1,text,true,,1011,1,13,0,0
1473953376363,39,CheckNewContaner_10-06-07,200,OK,10ДО - 06 контроль 9-1,text,false,Test failed: text expected to contain /FNS_([\S]+?)_10_06_07.zip/,461,1,12,38,0
1473953376364,45,CheckNewContaner_12-07-05,200,OK,12ДО - 01 посылка 07 формирование 10-1,text,true,,461,1,12,45,0
1473953376408,11,JDBC CheckNewContaner_10-05-06,200,OK,10ДО - 05 контроль 8-1,text,true,,196,1,12,0,0
1473953376379,37,CheckNewContaner_01-04-06,200,OK,01ДО - 04 контроль 05 формирование 3-1,text,false,Test failed: text expected to contain /FNS_([\S]+?)_01_04_06.zip/,461,1,12,37,0
1473953376419,0,Debug Sampler,200,OK,10ДО - 05 контроль 8-1,text,true,,1011,1,12,0,0
1473953376403,17,RecivingContaner-10-06-07,500,INTERNAL SERVER ERROR,10ДО - 06 контроль 9-1,text,false,,198,1,10,17,0
1473953376421,0,Debug Sampler,200,OK,10ДО - 06 контроль 9-1,text,true,,553,1,10,0,0
1473953376419,5,JDBC CheckNewContaner_01-08-09,200,OK,"01ДО - 11,06,09 контроль  5-1",text,true,,518,1,9,0,0
1473953376382,42,CheckNewContaner_12-02-08,200,OK,12ДО - 02 контроль 11-1,text,false,Test failed: text expected to contain /FNS_([\S]+?)_12_02_08.zip/,461,1,9,42,0
1473953376367,62,CheckNewContaner_10-01-01,200,OK,10ДО - 01 контроль 02 формирование 6-1,text,true,,461,1,8,62,0
1473953376382,54,CheckNewContaner_01-10-04,200,OK,01ДО - 01 посылка 10 формирование  1-1,text,true,,461,1,8,54,0
1473953376381,56,CheckNewContaner_01-02-09,200,OK,01ДО - 02 контроль 2-1,text,false,Test failed: text expected to contain /FNS_([\S]+?)_01_02_09.zip/,461,1,8,56,0
1473953376407,31,CheckNewContaner_12-04-06,200,OK,12ДО - 04 контроль 05 формирование 12-1,text,false,Test failed: text expected to contain /FNS_([\S]+?)_12_04_06.zip/,461,1,8,29,0
1473953376424,15,RecivingContaner_12-02-08,500,INTERNAL SERVER ERROR,12ДО - 02 контроль 11-1,text,false,,198,1,8,15,0
1473953376439,0,Debug Sampler,200,OK,12ДО - 02 контроль 11-1,text,true,,554,1,7,0,0
1473953376407,32,CheckNewContaner_01-07-08,200,OK,01ДО - 07 контроль 08 формирование 4-1,text,false,Test failed: text expected to contain /FNS_([\S]+?)_01_07_08.zip/,461,1,7,32,0
1473953376435,6,JDBC CheckNewContaner,200,OK,"12ДО - 08,06 контроль  13-1",text,true,,356,1,5,0,0
1473953376438,5,RecivingContaner-01-02-09,500,INTERNAL SERVER ERROR,01ДО - 02 контроль 2-1,text,false,,198,1,4,5,0
1473953376444,0,Debug Sampler,200,OK,01ДО - 02 контроль 2-1,text,true,,554,1,4,0,0
1473953376413,35,RecivingContaner_12-07-05,200,OK,12ДО - 01 посылка 07 формирование 10-1,text,true,,9202,1,3,35,0
1473953376450,0,Debug Sampler,200,OK,12ДО - 01 посылка 07 формирование 10-1,text,true,,863,1,3,0,0
1473953376436,31,RecivingContaner-01-10-04,200,OK,01ДО - 01 посылка 10 формирование  1-1,text,true,,9278,1,2,28,0
1473953376468,0,Debug Sampler,200,OK,01ДО - 01 посылка 10 формирование  1-1,text,true,,864,1,2,0,0
1473953376430,45,RecivingContaner-10-01-01,200,OK,10ДО - 01 контроль 02 формирование 6-1,text,true,,73327,1,1,31,0
1473953376476,3,JDBC CheckNewContaner_10-02-04,200,OK,10ДО - 01 контроль 02 формирование 6-1,text,true,,124,1,1,0,0
1473953875420,120,Зачистка базы,200,OK,setUp Thread Group 1-1,text,true,,9,1,1,112,0
1473953875540,2,Контроль что база пустая,200,OK,setUp Thread Group 1-1,text,true,,8,1,1,0,0
1473953875599,51,Send 01-02-09,200,OK,01ДО - 02 контроль 2-1,text,true,,183,1,13,51,0
1473953875605,57,Send 10-05-06,200,OK,10ДО - 05 контроль 8-1,text,true,,183,1,13,57,0
1473953875603,61,Send 01-11-09,200,OK,"01ДО - 11,06,09 контроль  5-1",text,true,,183,1,13,61,0
1473953875608,59,Send 12-04-06,200,OK,12ДО - 04 контроль 05 формирование 12-1,text,true,,183,1,13,59,0
1473953875608,60,Send 12-02-08,200,OK,12ДО - 02 контроль 11-1,text,true,,183,1,13,60,0
1473953875600,71,Send 01-04-06,200,OK,01ДО - 04 контроль 05 формирование 3-1,text,true,,183,1,13,70,0
1473953875604,68,Send 10-04-07,200,OK,10ДО - 04 контроль 7-1,text,true,,183,1,13,66,0
1473953875609,63,Send 10-06-07,200,OK,10ДО - 06 контроль 9-1,text,true,,183,1,13,61,0
1473953875606,66,Send 12-01-01,200,OK,12ДО - 01 посылка 07 формирование 10-1,text,true,,183,1,13,66,0
1473953875610,62,Send 12-06-08,200,OK,"12ДО - 08,06 контроль  13-1",text,true,,183,1,13,62,0
1473953875599,73,Send 01-01-01,200,OK,01ДО - 01 посылка 10 формирование  1-1,text,true,,183,1,13,73,0
1473953875603,69,Send 01-07-08(07),200,OK,01ДО - 07 контроль 08 формирование 4-1,text,true,,183,1,13,69,0
1473953875602,84,Send 10-01-01,200,OK,10ДО - 01 контроль 02 формирование 6-1,text,true,,183,1,13,84,0
1473953875672,17,Send 12-08-08,200,OK,"12ДО - 08,06 контроль  13-1",text,true,,183,1,13,17,0
1473953875664,240,Send 01-06-09,200,OK,"01ДО - 11,06,09 контроль  5-1",text,true,,183,1,13,240,0
1473953875905,9,Send 01-09-09,200,OK,"01ДО - 11,06,09 контроль  5-1",text,true,,183,1,13,8,0
1473953995662,5,JDBC CheckNewContaner_10-05-06,200,OK,10ДО - 05 контроль 8-1,text,true,,196,1,13,0,0
1473953995670,0,Debug Sampler,200,OK,10ДО - 05 контроль 8-1,text,true,,1023,1,13,0,0
1473953995672,8,JDBC CheckNewContaner_10-04-07,200,OK,10ДО - 04 контроль 7-1,text,true,,196,1,12,2,0
1473953995680,1,Debug Sampler,200,OK,10ДО - 04 контроль 7-1,text,true,,1023,1,12,0,0
1473953995689,3,JDBC CheckNewContaner,200,OK,"12ДО - 08,06 контроль  13-1",text,true,,356,1,11,0,0
1473953995676,71,CheckNewContaner_01-10-04,200,OK,01ДО - 01 посылка 10 формирование  1-1,text,true,,1031,1,10,70,0
1473953995650,109,CheckNewContaner_01-02-09,200,OK,01ДО - 02 контроль 2-1,text,true,,1031,1,10,109,0
1473953995675,93,CheckNewContaner_01-07-08,200,OK,01ДО - 07 контроль 08 формирование 4-1,text,true,,1031,1,10,92,0
1473953995673,98,CheckNewContaner_01-04-06,200,OK,01ДО - 04 контроль 05 формирование 3-1,text,true,,1031,1,10,98,0
1473953995668,107,CheckNewContaner_12-02-08,200,OK,12ДО - 02 контроль 11-1,text,true,,1031,1,10,106,0
1473953995686,107,CheckNewContaner_10-01-01,200,OK,10ДО - 01 контроль 02 формирование 6-1,text,true,,1031,1,10,107,0
1473953995667,127,CheckNewContaner_12-04-06,200,OK,12ДО - 04 контроль 05 формирование 12-1,text,true,,1031,1,10,127,0
1473953995672,122,CheckNewContaner_12-07-05,200,OK,12ДО - 01 посылка 07 формирование 10-1,text,true,,1031,1,10,122,0
1473953995760,52,RecivingContaner-01-02-09,200,OK,01ДО - 02 контроль 2-1,text,true,,7943,1,10,52,0
1473953995814,1,Debug Sampler,200,OK,01ДО - 02 контроль 2-1,text,true,,880,1,10,0,0
1473953995750,64,RecivingContaner-01-10-04,200,OK,01ДО - 01 посылка 10 формирование  1-1,text,true,,9278,1,10,64,0
1473953995816,0,Debug Sampler,200,OK,01ДО - 01 посылка 10 формирование  1-1,text,true,,876,1,9,0,0
1473953995768,49,RecivingContaner-01-07-08,200,OK,01ДО - 07 контроль 08 формирование 4-1,text,true,,6821,1,8,49,0
1473953995819,3,JDBC CheckNewContaner_01-08-09,200,OK,01ДО - 07 контроль 08 формирование 4-1,text,true,,124,1,8,0,0
1473953995771,57,RecivingContaner-01-04-06,200,OK,01ДО - 04 контроль 05 формирование 3-1,text,true,,10615,1,7,55,0
1473953995830,3,JDBC CheckNewContaner_01-05-09,200,OK,01ДО - 04 контроль 05 формирование 3-1,text,true,,124,1,7,0,0
1473953995793,47,RecivingContaner-10-01-01,200,OK,10ДО - 01 контроль 02 формирование 6-1,text,true,,73327,1,6,36,0
1473953995841,3,JDBC CheckNewContaner_10-02-04,200,OK,10ДО - 01 контроль 02 формирование 6-1,text,true,,124,1,6,0,0
1473953995776,62,RecivingContaner_12-02-08,200,OK,12ДО - 02 контроль 11-1,text,true,,7881,1,6,62,0
1473953995796,61,RecivingContaner_12-07-05,200,OK,12ДО - 01 посылка 07 формирование 10-1,text,true,,9203,1,5,60,0
1473953995794,48,RecivingContaner_12-04-06,200,OK,12ДО - 04 контроль 05 формирование 12-1,text,true,,6733,1,6,48,0
1473953995865,0,Debug Sampler,200,OK,12ДО - 01 посылка 07 формирование 10-1,text,true,,877,1,5,0,0
1473953995865,1,Debug Sampler,200,OK,12ДО - 02 контроль 11-1,text,true,,880,1,4,0,0
1473953995865,3,JDBC CheckNewContaner_12-05-08,200,OK,12ДО - 04 контроль 05 формирование 12-1,text,true,,124,1,3,0,0
1473953995914,2,JDBC CheckNewContaner_01-08-09,200,OK,"01ДО - 11,06,09 контроль  5-1",text,true,,518,1,2,0,0
1473953995672,283,CheckNewContaner_10-06-07,200,OK,10ДО - 06 контроль 9-1,text,true,,1031,1,1,283,0
1473953995955,17,RecivingContaner-10-06-07,200,OK,10ДО - 06 контроль 9-1,text,true,,7582,1,1,17,0
1473953995972,0,Debug Sampler,200,OK,10ДО - 06 контроль 9-1,text,true,,880,1,1,0,0
1474011350451,1261,Зачистка базы,200,OK,setUp Thread Group 1-1,text,true,,9,1,1,1242,0
1474011351718,7,Контроль что база пустая,200,OK,setUp Thread Group 1-1,text,true,,8,1,1,0,0
1474011351851,280,Send 10-04-07,200,OK,10ДО - 04 контроль 7-1,text,true,,183,1,13,279,0
1474011351851,280,Send 01-02-09,200,OK,01ДО - 02 контроль 2-1,text,true,,183,1,13,280,0
1474011351851,280,Send 10-05-06,200,OK,10ДО - 05 контроль 8-1,text,true,,183,1,13,279,0
1474011351851,280,Send 10-06-07,200,OK,10ДО - 06 контроль 9-1,text,true,,183,1,13,280,0
1474011351851,283,Send 12-01-01,200,OK,12ДО - 01 посылка 07 формирование 10-1,text,true,,183,1,13,283,0
1474011351851,446,Send 01-11-09,200,OK,"01ДО - 11,06,09 контроль  5-1",text,true,,183,1,13,446,0
1474011351851,462,Send 01-07-08(07),200,OK,01ДО - 07 контроль 08 формирование 4-1,text,true,,183,1,13,462,0
1474011351851,476,Send 12-02-08,200,OK,12ДО - 02 контроль 11-1,text,true,,183,1,13,475,0
1474011351851,484,Send 12-06-08,200,OK,"12ДО - 08,06 контроль  13-1",text,true,,183,1,13,484,0
1474011351851,486,Send 12-04-06,200,OK,12ДО - 04 контроль 05 формирование 12-1,text,true,,183,1,13,485,0
1474011352297,47,Send 01-06-09,200,OK,"01ДО - 11,06,09 контроль  5-1",text,true,,183,1,13,47,0
1474011352335,22,Send 12-08-08,200,OK,"12ДО - 08,06 контроль  13-1",text,true,,183,1,13,22,0
1474011352344,17,Send 01-09-09,200,OK,"01ДО - 11,06,09 контроль  5-1",text,true,,183,1,13,17,0
1474011351851,578,Send 01-01-01,200,OK,01ДО - 01 посылка 10 формирование  1-1,text,true,,183,1,13,578,0
1474011351851,664,Send 10-01-01,200,OK,10ДО - 01 контроль 02 формирование 6-1,text,true,,183,1,13,664,0
1474011351851,785,Send 01-04-06,200,OK,01ДО - 04 контроль 05 формирование 3-1,text,true,,183,1,13,784,0
1474011472132,7,JDBC CheckNewContaner_10-05-06,200,OK,10ДО - 05 контроль 8-1,text,true,,196,1,13,0,0
1474011472140,0,Debug Sampler,200,OK,10ДО - 05 контроль 8-1,text,true,,1024,1,13,0,0
1474011472132,11,JDBC CheckNewContaner_10-04-07,200,OK,10ДО - 04 контроль 7-1,text,true,,196,1,12,0,0
1474011472144,0,Debug Sampler,200,OK,10ДО - 04 контроль 7-1,text,true,,1024,1,12,0,0
1474011472133,37,CheckNewContaner_10-06-07,200,OK,10ДО - 06 контроль 9-1,text,true,,1031,1,11,37,0
1474011472135,47,CheckNewContaner_12-07-05,200,OK,12ДО - 01 посылка 07 формирование 10-1,text,true,,1031,1,11,47,0
1474011472132,50,CheckNewContaner_01-02-09,200,OK,01ДО - 02 контроль 2-1,text,true,,1031,1,11,50,0
1474011472182,47,RecivingContaner_12-07-05,200,OK,12ДО - 01 посылка 07 формирование 10-1,text,true,,9203,1,11,47,0
1474011472266,0,Debug Sampler,200,OK,12ДО - 01 посылка 07 формирование 10-1,text,true,,877,1,11,0,0
1474011472171,58,RecivingContaner-10-06-07,200,OK,10ДО - 06 контроль 9-1,text,true,,7582,1,11,58,0
1474011472281,0,Debug Sampler,200,OK,10ДО - 06 контроль 9-1,text,true,,879,1,10,0,0
1474011472183,47,RecivingContaner-01-02-09,200,OK,01ДО - 02 контроль 2-1,text,true,,7943,1,11,47,0
1474011472298,1,Debug Sampler,200,OK,01ДО - 02 контроль 2-1,text,true,,879,1,9,0,0
1474011472315,28,CheckNewContaner_01-07-08,200,OK,01ДО - 07 контроль 08 формирование 4-1,text,true,,1031,1,8,28,0
1474011472329,27,CheckNewContaner_12-02-08,200,OK,12ДО - 02 контроль 11-1,text,true,,1031,1,8,27,0
1474011472359,3,JDBC CheckNewContaner,200,OK,"12ДО - 08,06 контроль  13-1",text,true,,356,1,8,0,0
1474011472364,6,JDBC CheckNewContaner_01-08-09,200,OK,"01ДО - 11,06,09 контроль  5-1",text,true,,518,1,7,0,0
1474011472343,27,RecivingContaner-01-07-08,200,OK,01ДО - 07 контроль 08 формирование 4-1,text,true,,6821,1,6,26,0
1474011472339,33,CheckNewContaner_12-04-06,200,OK,12ДО - 04 контроль 05 формирование 12-1,text,true,,1031,1,6,33,0
1474011472372,3,JDBC CheckNewContaner_01-08-09,200,OK,01ДО - 07 контроль 08 формирование 4-1,text,true,,124,1,6,0,0
1474011472357,21,RecivingContaner_12-02-08,200,OK,12ДО - 02 контроль 11-1,text,true,,7881,1,5,20,0
1474011472379,0,Debug Sampler,200,OK,12ДО - 02 контроль 11-1,text,true,,880,1,5,0,0
1474011472373,21,RecivingContaner_12-04-06,200,OK,12ДО - 04 контроль 05 формирование 12-1,text,true,,6733,1,4,20,0
1474011472395,3,JDBC CheckNewContaner_12-05-08,200,OK,12ДО - 04 контроль 05 формирование 12-1,text,true,,124,1,4,0,0
1474011472431,25,CheckNewContaner_01-10-04,200,OK,01ДО - 01 посылка 10 формирование  1-1,text,true,,1031,1,3,25,0
1474011472458,26,RecivingContaner-01-10-04,200,OK,01ДО - 01 посылка 10 формирование  1-1,text,true,,9278,1,3,26,0
1474011472517,0,Debug Sampler,200,OK,01ДО - 01 посылка 10 формирование  1-1,text,true,,876,1,3,0,0
1474011472517,27,CheckNewContaner_10-01-01,200,OK,10ДО - 01 контроль 02 формирование 6-1,text,true,,1031,1,2,27,0
1474011472546,45,RecivingContaner-10-01-01,200,OK,10ДО - 01 контроль 02 формирование 6-1,text,true,,73327,1,2,24,0
1474011472593,16,JDBC CheckNewContaner_10-02-04,200,OK,10ДО - 01 контроль 02 формирование 6-1,text,true,,124,1,2,0,0
1474011472638,27,CheckNewContaner_01-04-06,200,OK,01ДО - 04 контроль 05 формирование 3-1,text,true,,1031,1,1,26,0
1474011472666,27,RecivingContaner-01-04-06,200,OK,01ДО - 04 контроль 05 формирование 3-1,text,true,,10615,1,1,26,0
1474011472696,4,JDBC CheckNewContaner_01-05-09,200,OK,01ДО - 04 контроль 05 формирование 3-1,text,true,,124,1,1,0,0
1474034424787,140,JDBC CheckNewContaner,42703 0,"org.postgresql.util.PSQLException: ERROR: column ""d7ec0fe70b344c7496e12084f58b80d9"" does not exist
  Позиция: 70","12ДО - 08,06 контроль  1-1",text,false,Response was null,77,1,1,117,0
1474034458132,135,JDBC CheckNewContaner,200,OK,"12ДО - 08,06 контроль  1-1",text,true,,356,1,1,130,0
1474034458270,1,Debug Sampler,200,OK,"12ДО - 08,06 контроль  1-1",text,true,,1558,1,1,0,0
1474372158603,390,Send 12-06-08,200,OK,"12ДО - 08,06 контроль  1-1",text,true,,183,1,1,389,0
1474372159010,229,Send 12-08-08,200,OK,"12ДО - 08,06 контроль  1-1",text,true,,183,1,1,229,0
1474372279249,443,JDBC CheckNewContaner,200,OK,"12ДО - 08,06 контроль  1-1",text,true,,356,1,1,414,0
1474372279693,1,Debug Sampler,200,OK,"12ДО - 08,06 контроль  1-1",text,true,,1561,1,1,0,0
1474461864956,130,FHD_RecivingContaner_03-02-04,404,Not Found,03ДО - 01 посылка контроль 02 формирование 1-1,text,false,,342,1,1,130,0
1474461927293,29,FHD_RecivingContaner_03-02-04,404,Not Found,03ДО - 01 посылка контроль 02 формирование 1-1,text,false,,342,1,1,29,0
1474461946102,26,FHD_RecivingContaner_03-02-04,404,Not Found,03ДО - 01 посылка контроль 02 формирование 1-1,text,false,,342,1,1,26,0
1474461946129,0,Debug Sampler,200,OK,03ДО - 01 посылка контроль 02 формирование 1-1,text,true,,858,1,1,0,0
1474461969445,114,FHD_RecivingContaner_03-02-04,404,Not Found,03ДО - 01 посылка контроль 02 формирование 1-1,text,false,,342,1,1,114,0
1474461969560,1,Debug Sampler,200,OK,03ДО - 01 посылка контроль 02 формирование 1-1,text,true,,859,1,1,0,0
1474470500679,65,FHD_RecivingContaner_03-02-04,404,Not Found,03ДО - 01 посылка контроль 02 формирование 1-1,text,false,,342,1,1,64,0
1474470500745,0,Debug Sampler,200,OK,03ДО - 01 посылка контроль 02 формирование 1-1,text,true,,859,1,1,0,0
1474470831044,7,FHD_RecivingContaner_03-02-04,404,Not Found,03ДО - 01 посылка контроль 02 формирование 1-1,text,true,,342,1,1,7,0
1474470831063,0,Debug Sampler,200,OK,03ДО - 01 посылка контроль 02 формирование 1-1,text,true,,858,1,1,0,0
1474470879497,9,FHD_RecivingContaner_03-02-04,404,Not Found,03ДО - 01 посылка контроль 02 формирование 1-1,text,false,Test failed: text expected to contain /405/,342,1,1,9,0
1474470879507,0,Debug Sampler,200,OK,03ДО - 01 посылка контроль 02 формирование 1-1,text,true,,859,1,1,0,0
1474470922579,8,FHD_RecivingContaner_03-02-04,404,Not Found,03ДО - 01 посылка контроль 02 формирование 1-1,text,false,,342,1,1,8,0
1474470922588,0,Debug Sampler,200,OK,03ДО - 01 посылка контроль 02 формирование 1-1,text,true,,857,1,1,0,0
1474470943220,7,FHD_RecivingContaner_03-02-04,404,Not Found,03ДО - 01 посылка контроль 02 формирование 1-1,text,true,,342,1,1,7,0
1474470943228,0,Debug Sampler,200,OK,03ДО - 01 посылка контроль 02 формирование 1-1,text,true,,857,1,1,0,0
1474470968906,30,FHD_RecivingContaner_03-02-04,404,Not Found,03ДО - 01 посылка контроль 02 формирование 1-1,text,false,Test failed: code expected to contain /200/,342,1,1,30,0
1474470968936,0,Debug Sampler,200,OK,03ДО - 01 посылка контроль 02 формирование 1-1,text,true,,858,1,1,0,0
1474470989823,9,FHD_RecivingContaner_03-02-04,404,Not Found,03ДО - 01 посылка контроль 02 формирование 1-1,text,true,,342,1,1,9,0
1474470989833,0,Debug Sampler,200,OK,03ДО - 01 посылка контроль 02 формирование 1-1,text,true,,858,1,1,0,0
1474471033409,448,Send 03-01-01,200,OK,03ДО - 01 посылка контроль 02 формирование 1-1,text,true,,183,1,1,448,0
1474471153849,105,CheckNewContaner_03-01-01,200,OK,03ДО - 01 посылка контроль 02 формирование 1-1,text,true,,1126,1,1,105,0
1474471153962,49,RecivingContaner_03-01-01,500,INTERNAL SERVER ERROR,03ДО - 01 посылка контроль 02 формирование 1-1,text,false,,198,1,1,49,0
1474471154013,534,JDBC CheckNewContaner,200,OK,03ДО - 01 посылка контроль 02 формирование 1-1,text,true,,124,1,1,512,0
1474471154548,7,FHD_RecivingContaner_03-02-04,404,Not Found,03ДО - 01 посылка контроль 02 формирование 1-1,text,false,Test failed: code expected to contain /200/,342,1,1,7,0
1474471154556,0,Debug Sampler,200,OK,03ДО - 01 посылка контроль 02 формирование 1-1,text,true,,1518,1,1,0,0
1474471295241,91,Send 03-01-01,200,OK,03ДО - 01 посылка контроль 02 формирование 1-1,text,true,,183,1,1,91,0
1474471415340,38,CheckNewContaner_03-01-01,200,OK,03ДО - 01 посылка контроль 02 формирование 1-1,text,true,,1126,1,1,38,0
1474471415380,71,RecivingContaner_03-01-01,200,OK,03ДО - 01 посылка контроль 02 формирование 1-1,text,true,,468730,1,1,24,0
1474471415465,151,JDBC CheckNewContaner,200,OK,03ДО - 01 посылка контроль 02 формирование 1-1,text,true,,124,1,1,144,0
1474471415617,6,FHD_RecivingContaner_03-02-04,200,OK,03ДО - 01 посылка контроль 02 формирование 1-1,text,true,,8166,1,1,6,0
1474471415624,1,Debug Sampler,200,OK,03ДО - 01 посылка контроль 02 формирование 1-1,text,true,,1517,1,1,0,0
1474471608319,121,Send 03-01-01,200,OK,03ДО - 01 посылка контроль 02 формирование 1-1,text,true,,183,1,1,120,0
1474471728432,30,CheckNewContaner_03-01-01,200,OK,03ДО - 01 посылка контроль 02 формирование 1-1,text,true,,1126,1,1,30,0
1474471728463,117,RecivingContaner_03-01-01,200,OK,03ДО - 01 посылка контроль 02 формирование 1-1,text,true,,468730,1,1,22,0
1474471728586,106,JDBC CheckNewContaner,200,OK,03ДО - 01 посылка контроль 02 формирование 1-1,text,true,,124,1,1,103,0
1474471728693,5,FHD_RecivingContaner_03-02-04,200,OK,03ДО - 01 посылка контроль 02 формирование 1-1,text,true,,8166,1,1,4,0
1474471728699,1,Debug Sampler,200,OK,03ДО - 01 посылка контроль 02 формирование 1-1,text,true,,1517,1,1,0,0
1474472000219,125,Send 03-01-01,200,OK,03ДО - 01 посылка контроль 02 формирование 1-1,text,true,,183,1,1,124,0
1474472120341,36,CheckNewContaner_03-01-01,200,OK,03ДО - 01 посылка контроль 02 формирование 1-1,text,true,,1126,1,1,35,0
1474472120378,58,RecivingContaner_03-01-01,200,OK,03ДО - 01 посылка контроль 02 формирование 1-1,text,true,,468730,1,1,21,0
1474472120454,137,JDBC CheckNewContaner,200,OK,03ДО - 01 посылка контроль 02 формирование 1-1,text,true,,124,1,1,131,0
1474472120592,5,FHD_RecivingContaner_03-02-04,200,OK,03ДО - 01 посылка контроль 02 формирование 1-1,text,true,,8166,1,1,4,0
1474472120599,0,Debug Sampler,200,OK,03ДО - 01 посылка контроль 02 формирование 1-1,text,true,,1743,1,1,0,0
